{"cameraMode":{"drawMode":0,"name":"Shaded","section":"Shading Mode"},"sceneLighting":true,"audioPlay":false,"sceneViewState":{"m_AlwaysRefresh":false,"showFog":true,"showSkybox":true,"showFlares":true,"showImageEffects":true,"showParticleSystems":true,"showVisualEffectGraphs":true,"m_FxEnabled":true},"in2DMode":false,"pivot":{"x":2.0098042488098146,"y":-4.419999599456787,"z":0.16949649155139924},"rotation":{"x":0.33237606287002566,"y":-0.30850735306739809,"z":0.1134181022644043,"w":0.8841471076011658},"size":9.613290786743164,"orthographic":true}