{"cameraMode":{"drawMode":0,"name":"Shaded","section":"Shading Mode"},"sceneLighting":true,"audioPlay":false,"sceneViewState":{"m_AlwaysRefresh":false,"showFog":true,"showSkybox":true,"showFlares":true,"showImageEffects":true,"showParticleSystems":true,"showVisualEffectGraphs":true,"m_FxEnabled":true},"in2DMode":false,"pivot":{"x":-1.6785087585449219,"y":-5.369999885559082,"z":2.825000762939453},"rotation":{"x":-0.11996497213840485,"y":0.06693243980407715,"z":-0.004847227595746517,"w":-0.9906157851219177},"size":3.7828640937805177,"orthographic":true}