{"cameraMode":{"drawMode":0,"name":"Shaded","section":"Shading Mode"},"sceneLighting":true,"audioPlay":false,"sceneViewState":{"m_AlwaysRefresh":false,"showFog":true,"showSkybox":true,"showFlares":true,"showImageEffects":true,"showParticleSystems":true,"showVisualEffectGraphs":true,"m_FxEnabled":true},"in2DMode":false,"pivot":{"x":6.390004634857178,"y":-3.9850001335144045,"z":0.6450008153915405},"rotation":{"x":0.08848103880882263,"y":-0.10053650289773941,"z":0.006548472214490175,"w":0.9910850524902344},"size":25.73577880859375,"orthographic":true}