{"cameraMode":{"drawMode":0,"name":"Shaded","section":"Shading Mode"},"sceneLighting":true,"audioPlay":false,"sceneViewState":{"m_AlwaysRefresh":false,"showFog":true,"showSkybox":true,"showFlares":true,"showImageEffects":true,"showParticleSystems":true,"showVisualEffectGraphs":true,"m_FxEnabled":true},"in2DMode":false,"pivot":{"x":2.156940460205078,"y":0.10074591636657715,"z":0.16310834884643556},"rotation":{"x":-0.16071201860904694,"y":0.18689830601215363,"z":-0.02787095308303833,"w":-0.9688521027565002},"size":18.110166549682618,"orthographic":true}