{"cameraMode":{"drawMode":0,"name":"Shaded","section":"Shading Mode"},"sceneLighting":true,"audioPlay":false,"sceneViewState":{"m_AlwaysRefresh":false,"showFog":true,"showSkybox":true,"showFlares":true,"showImageEffects":true,"showParticleSystems":true,"showVisualEffectGraphs":true,"m_FxEnabled":true},"in2DMode":false,"pivot":{"x":-0.6694361567497253,"y":4.239522933959961,"z":5.6562604904174809},"rotation":{"x":0.23361064493656159,"y":0.009315647184848786,"z":-0.00457252049818635,"w":0.9723941683769226},"size":14.898916244506836,"orthographic":true}