{"cameraMode":{"drawMode":0,"name":"Shaded","section":"Shading Mode"},"sceneLighting":true,"audioPlay":false,"sceneViewState":{"m_AlwaysRefresh":false,"showFog":true,"showSkybox":true,"showFlares":true,"showImageEffects":true,"showParticleSystems":true,"showVisualEffectGraphs":true,"m_FxEnabled":true},"in2DMode":false,"pivot":{"x":-203.03952026367188,"y":121.45573425292969,"z":184.75570678710938},"rotation":{"x":-0.11010533571243286,"y":-0.31057244539260867,"z":0.03983650729060173,"w":-0.9434301853179932},"size":123.04005432128906,"orthographic":true}