{"cameraMode":{"drawMode":0,"name":"Shaded","section":"Shading Mode"},"sceneLighting":true,"audioPlay":false,"sceneViewState":{"m_AlwaysRefresh":false,"showFog":true,"showSkybox":true,"showFlares":true,"showImageEffects":true,"showParticleSystems":true,"showVisualEffectGraphs":true,"m_FxEnabled":true},"in2DMode":false,"pivot":{"x":-7.9800286293029789,"y":-5.259999752044678,"z":1.486562728881836},"rotation":{"x":0.25609180331230166,"y":-0.22010622918605805,"z":0.05862271040678024,"w":0.9395682215690613},"size":16.941133499145509,"orthographic":true}