{"cameraMode":{"drawMode":0,"name":"Shaded","section":"Shading Mode"},"sceneLighting":true,"audioPlay":false,"sceneViewState":{"m_AlwaysRefresh":false,"showFog":true,"showSkybox":true,"showFlares":true,"showImageEffects":true,"showParticleSystems":true,"showVisualEffectGraphs":true,"m_FxEnabled":true},"in2DMode":false,"pivot":{"x":3.414348602294922,"y":172.45147705078126,"z":88.38056945800781},"rotation":{"x":0.19093960523605348,"y":-0.2625860869884491,"z":0.05307701602578163,"w":0.9443581104278565},"size":165.21182250976563,"orthographic":false}