{"cameraMode":{"drawMode":0,"name":"Shaded","section":"Shading Mode"},"sceneLighting":true,"audioPlay":false,"sceneViewState":{"m_AlwaysRefresh":false,"showFog":true,"showSkybox":true,"showFlares":true,"showImageEffects":true,"showParticleSystems":true,"showVisualEffectGraphs":true,"m_FxEnabled":true},"in2DMode":false,"pivot":{"x":-0.5049999356269836,"y":-3.9000000953674318,"z":0.6999999284744263},"rotation":{"x":-0.05279713124036789,"y":0.273175984621048,"z":-0.012773809023201466,"w":-0.9605509042739868},"size":5.170469760894775,"orthographic":true}