{"cameraMode":{"drawMode":0,"name":"Shaded","section":"Shading Mode"},"sceneLighting":true,"audioPlay":false,"sceneViewState":{"m_AlwaysRefresh":false,"showFog":true,"showSkybox":true,"showFlares":true,"showImageEffects":true,"showParticleSystems":true,"showVisualEffectGraphs":true,"m_FxEnabled":true},"in2DMode":false,"pivot":{"x":-107.42300415039063,"y":13.65501594543457,"z":60.15004348754883},"rotation":{"x":0.13345414400100709,"y":-0.27815231680870058,"z":0.03903902694582939,"w":0.9504398703575134},"size":105.76730346679688,"orthographic":false}